,attendance,away_conference,away_line_scores,away_points,away_team,conference_game,home_conference,home_line_scores,home_points,home_team,id,neutral_site,season,season_type,start_date,venue,venue_id,week
0,,,[],0,Arkansas State,,FBS Independents,[],20,Ole Miss,8382,False,1914,regular,1914-10-03T00:00:00.000Z,,,3
1,,,[],10,Arkansas State,,FBS Independents,[],0,Ole Miss,8817,False,1915,regular,1915-10-01T00:00:00.000Z,,,3
2,,,[],0,Arkansas State,,FBS Independents,[],20,Ole Miss,9343,False,1916,regular,1916-10-07T00:00:00.000Z,,,4
3,,FBS Independents,[],0,Ole Miss,,,[],0,Arkansas State,9793,False,1917,regular,1917-10-06T00:00:00.000Z,,,4
4,,,[],0,Arkansas State,,FBS Independents,[],32,Ole Miss,10594,False,1919,regular,1919-10-04T00:00:00.000Z,,,3
5,,,[],7,Arkansas State,,Southern,[],10,Ole Miss,13476,False,1924,regular,1924-10-04T00:00:00.000Z,,,3
6,,,[],0,Arkansas State,,Southern,[],53,Ole Miss,14015,False,1925,regular,1925-09-26T00:00:00.000Z,,,2
7,,,[],0,Arkansas State,,Southern,[],28,Ole Miss,14601,False,1926,regular,1926-09-25T00:00:00.000Z,,,2
8,,,[],7,Arkansas State,,FBS Independents,[],46,Saint Louis,20473,False,1935,regular,1935-10-25T00:00:00.000Z,,,6
9,,,[],6,Arkansas State,,Big 7,[],37,Kansas State,28432,False,1948,regular,1948-10-09T00:00:00.000Z,,,5
10,,,[],0,Arkansas State,,SEC,[],67,Mississippi State,29575,False,1950,regular,1950-09-23T00:00:00.000Z,,,2
11,,,[],0,Arkansas State,,SEC,[],32,Mississippi State,30233,False,1951,regular,1951-09-22T00:00:00.000Z,,,2
12,,,[],14,Arkansas State,,SEC,[],41,Mississippi State,30947,False,1952,regular,1952-10-04T00:00:00.000Z,,,4
13,,,[],13,Arkansas State,,SEC,[],46,Mississippi State,32115,False,1954,regular,1954-10-02T00:00:00.000Z,,,3
14,,,[],9,Arkansas State,,SEC,[],19,Mississippi State,33397,False,1956,regular,1956-10-20T00:00:00.000Z,,,6
15,,,[],13,Arkansas State,,SEC,[],47,Mississippi State,33928,False,1957,regular,1957-10-12T00:00:00.000Z,,,5
16,,,[],0,Arkansas State,,SEC,[],38,Mississippi State,34568,False,1958,regular,1958-10-18T00:00:00.000Z,,,6
17,,,[],7,Arkansas State,,SEC,[],51,Florida,34794,False,1958,regular,1958-11-15T00:00:00.000Z,,,10
18,,,[],14,Arkansas State,,SEC,[],49,Mississippi State,35112,False,1959,regular,1959-10-10T00:00:00.000Z,,,5
19,,,[],9,Arkansas State,,SEC,[],29,Mississippi State,35698,False,1960,regular,1960-10-08T00:00:00.000Z,,,5
20,,Southern,[],22,The Citadel,,,[],21,Arkansas State,36040,False,1960,regular,1960-11-19T00:00:00.000Z,,,11
21,,,[],0,Arkansas State,,SEC,[],38,Mississippi State,36325,False,1961,regular,1961-10-14T00:00:00.000Z,,,5
22,,,[],6,Arkansas State,,Southern,[],28,The Citadel,36598,False,1961,regular,1961-11-18T00:00:00.000Z,,,10
23,,Southern,[],7,The Citadel,,,[],14,Arkansas State,36965,False,1962,regular,1962-10-20T00:00:00.000Z,,,6
24,,,[],9,Arkansas State,,Southern,[],10,The Citadel,37589,False,1963,regular,1963-10-19T00:00:00.000Z,,,6
25,,,[],0,Arkansas State,,FBS Independents,[],25,Southern Mississippi,37688,False,1963,regular,1963-10-26T00:00:00.000Z,,,7
26,,,[],14,Arkansas State,,Southern,[],0,The Citadel,38843,False,1965,regular,1965-10-16T00:00:00.000Z,,,6
27,,,[],21,Arkansas State,,Mid-American,[],8,Western Michigan,39915,False,1967,regular,1967-09-23T00:00:00.000Z,,,3
28,,Southern,[],20,The Citadel,,,[],7,Arkansas State,40039,False,1967,regular,1967-10-07T00:00:00.000Z,,,5
29,,,[],0,Arkansas State,,Mid-American,[],20,Western Michigan,40530,False,1968,regular,1968-09-14T00:00:00.000Z,,,1
30,,,[],10,Arkansas State,,Southern,[],14,The Citadel,41241,False,1969,regular,1969-09-27T00:00:00.000Z,,,3
31,,,[],53,Arkansas State,,Missouri Valley,[],14,Wichita State,41864,False,1970,regular,1970-09-19T00:00:00.000Z,,,4
32,,Southern,[],7,The Citadel,,,[],24,Arkansas State,41993,False,1970,regular,1970-10-03T00:00:00.000Z,,,6
33,,,[],16,Arkansas State,,Missouri Valley,[],14,Wichita State,42573,False,1971,regular,1971-09-18T00:00:00.000Z,,,2
34,,FBS Independents,[],7,Texas-Arlington,,,[],28,Arkansas State,43105,False,1971,regular,1971-11-13T00:00:00.000Z,,,10
35,,Missouri Valley,[],6,Wichita State,,,[],0,Arkansas State,43425,False,1972,regular,1972-09-23T00:00:00.000Z,,,3
36,,,[],3,Arkansas State,,FBS Independents,[],21,Chattanooga,43505,False,1972,regular,1972-10-07T00:00:00.000Z,,,5
37,,,[],6,Arkansas State,,FBS Independents,[],7,Texas-Arlington,43982,False,1972,regular,1972-11-25T00:00:00.000Z,,,12
38,,FBS Independents,[],13,Louisiana,,,[],27,Arkansas State,44044,False,1973,regular,1973-09-15T00:00:00.000Z,,,3
39,,,[],12,Arkansas State,,Missouri Valley,[],14,Wichita State,44163,False,1973,regular,1973-09-22T00:00:00.000Z,,,4
40,,FBS Independents,[],0,Xavier,,,[],37,Arkansas State,44370,False,1973,regular,1973-10-20T00:00:00.000Z,,,8
41,,,[],7,Arkansas State,,FBS Independents,[],10,Lamar,44454,False,1973,regular,1973-10-27T00:00:00.000Z,,,9
42,,FBS Independents,[],14,Texas-Arlington,,,[],30,Arkansas State,44570,False,1973,regular,1973-11-10T00:00:00.000Z,,,11
43,,,[],20,Louisiana Tech,,FBS Independents,[],7,Arkansas State,44951,False,1974,regular,1974-09-28T00:00:00.000Z,,,4
44,,,[],7,Eastern Michigan,,FBS Independents,[],14,Arkansas State,44991,False,1974,regular,1974-10-05T00:00:00.000Z,,,5
45,,FBS Independents,[],38,Arkansas State,,,[],0,Illinois State,45052,False,1974,regular,1974-10-12T00:00:00.000Z,,,6
46,,FBS Independents,[],10,Lamar,,FBS Independents,[],6,Arkansas State,45138,False,1974,regular,1974-10-19T00:00:00.000Z,,,7
47,,FBS Independents,[],41,Arkansas State,,FBS Independents,[],16,Southern Illinois,45187,False,1974,regular,1974-10-26T00:00:00.000Z,,,8
48,,,[],14,Louisiana Monroe,,FBS Independents,[],17,Arkansas State,45253,False,1974,regular,1974-11-02T00:00:00.000Z,,,9
49,,FBS Independents,[],0,Arkansas State,,Mid-American,[],17,Bowling Green,45326,False,1974,regular,1974-11-09T00:00:00.000Z,,,10
50,,FBS Independents,[],42,Arkansas State,,FBS Independents,[],12,Texas-Arlington,45388,False,1974,regular,1974-11-16T00:00:00.000Z,,,11
51,,,[],20,McNeese,,FBS Independents,[],22,Arkansas State,45458,False,1974,regular,1974-11-23T00:00:00.000Z,,,12
52,,FBS Independents,[],28,Arkansas State,,FBS Independents,[],6,Louisiana,45514,False,1974,regular,1974-11-30T00:00:00.000Z,,,13
53,,,[],0,Northwestern State,,Southland,[],42,Arkansas State,45544,False,1975,regular,1975-09-06T00:00:00.000Z,,,1
54,,,[],6,Idaho,,Southland,[],23,Arkansas State,45570,False,1975,regular,1975-09-13T00:00:00.000Z,,,2
55,,Southland,[],24,Arkansas State,,Southland,[],7,McNeese,45634,False,1975,regular,1975-09-20T00:00:00.000Z,,,3
56,,Southland,[],29,Arkansas State,,FBS Independents,[],10,Memphis,45704,False,1975,regular,1975-09-27T00:00:00.000Z,,,4
57,,Southland,[],17,Louisiana,,Southland,[],39,Arkansas State,45774,False,1975,regular,1975-10-04T00:00:00.000Z,,,5
58,,Southland,[],14,Arkansas State,,FBS Independents,[],9,Cincinnati,45912,False,1975,regular,1975-10-18T00:00:00.000Z,,,7
59,,Southland,[],17,Arkansas State,,Southland,[],0,Lamar,45983,False,1975,regular,1975-10-25T00:00:00.000Z,,,8
60,,FBS Independents,[],0,Chattanooga,,Southland,[],48,Arkansas State,46053,False,1975,regular,1975-11-01T00:00:00.000Z,,,9
61,,FBS Independents,[],12,Southern Illinois,,Southland,[],35,Arkansas State,46122,False,1975,regular,1975-11-08T00:00:00.000Z,,,10
62,,Southland,[],7,Texas-Arlington,,Southland,[],54,Arkansas State,46259,False,1975,regular,1975-11-22T00:00:00.000Z,,,12
63,,Southland,[],30,Arkansas State,,Southland,[],13,Louisiana Tech,46319,False,1975,regular,1975-11-29T00:00:00.000Z,,,13
64,,FBS Independents,[],13,Louisiana Monroe,,Southland,[],31,Arkansas State,46348,False,1976,regular,1976-09-04T00:00:00.000Z,,,1
65,,Southland,[],14,Arkansas State,,FBS Independents,[],24,San Diego State,46427,False,1976,regular,1976-09-12T00:00:00.000Z,,,2
66,,Southland,[],21,Arkansas State,,FBS Independents,[],31,Indiana State,46449,False,1976,regular,1976-09-18T00:00:00.000Z,,,3
67,,Southland,[],27,Louisiana Tech,,Southland,[],13,Arkansas State,46536,False,1976,regular,1976-09-25T00:00:00.000Z,,,4
68,,FBS Independents,[],24,Northwestern State,,Southland,[],44,Arkansas State,46573,False,1976,regular,1976-10-02T00:00:00.000Z,,,5
69,,Southland,[],30,Arkansas State,,Mid-American,[],32,Eastern Michigan,46657,False,1976,regular,1976-10-09T00:00:00.000Z,,,6
70,,Southland,[],41,Arkansas State,,FBS Independents,[],10,Southern Illinois,46712,False,1976,regular,1976-10-16T00:00:00.000Z,,,7
71,,Southland,[],24,McNeese,,Southland,[],21,Arkansas State,46804,False,1976,regular,1976-10-23T00:00:00.000Z,,,8
72,,Southland,[],0,Lamar,,Southland,[],31,Arkansas State,46849,False,1976,regular,1976-10-30T00:00:00.000Z,,,9
73,,Southland,[],14,Arkansas State,,Southland,[],23,Louisiana,46936,False,1976,regular,1976-11-06T00:00:00.000Z,,,10
74,,Southland,[],14,Arkansas State,,Southland,[],13,Texas-Arlington,46982,False,1976,regular,1976-11-13T00:00:00.000Z,,,11
75,,Southland,[],31,Arkansas State,,Missouri Valley,[],29,Drake,47176,False,1977,regular,1977-09-10T00:00:00.000Z,,,2
76,,Southland,[],7,Arkansas State,,FBS Independents,[],30,Northwestern State,47285,False,1977,regular,1977-09-17T00:00:00.000Z,,,3
77,,Missouri Valley,[],6,Southern Illinois,,Southland,[],21,Arkansas State,47324,False,1977,regular,1977-09-24T00:00:00.000Z,,,4
78,,,[],17,Texas A&M-Commerce,,Southland,[],18,Arkansas State,47400,False,1977,regular,1977-10-01T00:00:00.000Z,,,5
79,,Southland,[],10,Arkansas State,,Southland,[],6,Lamar,47474,False,1977,regular,1977-10-08T00:00:00.000Z,,,6
80,,Southland,[],20,Louisiana Tech,,Southland,[],7,Arkansas State,47574,False,1977,regular,1977-10-15T00:00:00.000Z,,,7
81,,Southland,[],14,Arkansas State,,Southland,[],17,McNeese,47652,False,1977,regular,1977-10-22T00:00:00.000Z,,,8
82,,Southland,[],31,Arkansas State,,FBS Independents,[],20,Louisiana Monroe,47695,False,1977,regular,1977-10-29T00:00:00.000Z,,,9
83,,Southland,[],15,Louisiana,,Southland,[],17,Arkansas State,47771,False,1977,regular,1977-11-05T00:00:00.000Z,,,10
84,,Southland,[],44,Texas-Arlington,,Southland,[],14,Arkansas State,47900,False,1977,regular,1977-11-12T00:00:00.000Z,,,11
85,,Southland,[],14,Arkansas State,,FBS Independents,[],10,Southern Mississippi,47916,False,1977,regular,1977-11-19T00:00:00.000Z,,,12
86,,Southland,[],20,Arkansas State,,Missouri Valley,[],21,Tulsa,48027,False,1978,regular,1978-09-02T00:00:00.000Z,,,1
87,,FBS Independents,[],21,Southern Mississippi,,Southland,[],6,Arkansas State,48067,False,1978,regular,1978-09-09T00:00:00.000Z,,,2
88,,Southland,[],13,Arkansas State,,FBS Independents,[],21,Louisiana Monroe,48111,False,1978,regular,1978-09-16T00:00:00.000Z,,,3
89,,Missouri Valley,[],0,Drake,,Southland,[],10,Arkansas State,48152,False,1978,regular,1978-09-23T00:00:00.000Z,,,4
90,,FBS Independents,[],14,Northwestern State,,Southland,[],23,Arkansas State,48295,False,1978,regular,1978-10-07T00:00:00.000Z,,,6
91,,Southland,[],26,Arkansas State,,Missouri Valley,[],24,Southern Illinois,48364,False,1978,regular,1978-10-14T00:00:00.000Z,,,7
92,,Southland,[],3,McNeese,,Southland,[],6,Arkansas State,48433,False,1978,regular,1978-10-21T00:00:00.000Z,,,8
93,,Southland,[],27,Arkansas State,,Southland,[],7,Texas-Arlington,48500,False,1978,regular,1978-10-28T00:00:00.000Z,,,9
94,,Southland,[],16,Arkansas State,,Southland,[],6,Louisiana,48568,False,1978,regular,1978-11-04T00:00:00.000Z,,,10
95,,Southland,[],10,Arkansas State,,Southland,[],24,Louisiana Tech,48669,False,1978,regular,1978-11-11T00:00:00.000Z,,,11
96,,Southland,[],3,Lamar,,Southland,[],6,Arkansas State,48707,False,1978,regular,1978-11-18T00:00:00.000Z,,,12
97,,,[],14,Texas A&M-Commerce,,Southland,[],24,Arkansas State,48848,False,1979,regular,1979-09-08T00:00:00.000Z,,,2
98,,Southland,[],17,Arkansas State,,FBS Independents,[],18,Louisiana Monroe,48919,False,1979,regular,1979-09-15T00:00:00.000Z,,,3
99,,Missouri Valley,[],16,Southern Illinois,,Southland,[],24,Arkansas State,48973,False,1979,regular,1979-09-22T00:00:00.000Z,,,4
100,,Southland,[],13,Louisiana,,Southland,[],9,Arkansas State,49073,False,1979,regular,1979-09-29T00:00:00.000Z,,,5
101,,Southland,[],24,Arkansas State,,FBS Independents,[],3,Richmond,49116,False,1979,regular,1979-10-06T00:00:00.000Z,,,6
102,,Southland,[],14,Arkansas State,,Southland,[],7,Louisiana Tech,49190,False,1979,regular,1979-10-13T00:00:00.000Z,,,7
103,,Southland,[],7,Arkansas State,,Southland,[],10,McNeese,49286,False,1979,regular,1979-10-20T00:00:00.000Z,,,8
104,,Southland,[],20,Lamar,,Southland,[],10,Arkansas State,49355,False,1979,regular,1979-10-27T00:00:00.000Z,,,9
105,,Southland,[],56,Texas-Arlington,,Southland,[],18,Arkansas State,49451,False,1979,regular,1979-11-03T00:00:00.000Z,,,10
106,,Southland,[],14,Arkansas State,,Western Athletic,[],17,Wyoming,49531,False,1979,regular,1979-11-10T00:00:00.000Z,,,11
107,,Southland,[],6,Arkansas State,,FBS Independents,[],14,Southern Mississippi,49586,False,1979,regular,1979-11-17T00:00:00.000Z,,,12
108,,,[],9,UT Martin,,Southland,[],29,Arkansas State,49706,False,1980,regular,1980-09-13T00:00:00.000Z,,,3
109,,FBS Independents,[],35,Louisiana Monroe,,Southland,[],12,Arkansas State,49799,False,1980,regular,1980-09-20T00:00:00.000Z,,,4
110,,Southland,[],7,Arkansas State,,Big 8,[],31,Kansas State,49862,False,1980,regular,1980-09-27T00:00:00.000Z,,,5
111,,Southland,[],3,Arkansas State,,FBS Independents,[],24,Memphis,49937,False,1980,regular,1980-10-04T00:00:00.000Z,,,6
112,,Southland,[],0,Arkansas State,,Southland,[],3,Louisiana,50008,False,1980,regular,1980-10-11T00:00:00.000Z,,,7
113,,Southland,[],0,Arkansas State,,FBS Independents,[],35,Southern Mississippi,50099,False,1980,regular,1980-10-18T00:00:00.000Z,,,8
114,,Southland,[],36,McNeese,,Southland,[],28,Arkansas State,50141,False,1980,regular,1980-10-25T00:00:00.000Z,,,9
115,,Southland,[],28,Louisiana Tech,,Southland,[],0,Arkansas State,50211,False,1980,regular,1980-11-01T00:00:00.000Z,,,10
116,,Southland,[],22,Arkansas State,,Southland,[],23,Lamar,50275,False,1980,regular,1980-11-08T00:00:00.000Z,,,11
117,,Southland,[],14,Arkansas State,,Southland,[],36,Texas-Arlington,50369,False,1980,regular,1980-11-15T00:00:00.000Z,,,12
118,,,[],9,Austin Peay,,Southland,[],14,Arkansas State,50386,False,1980,regular,1980-11-22T00:00:00.000Z,,,13
119,,Southland,[],35,Arkansas State,,FBS Independents,[],13,Louisiana Monroe,50517,False,1981,regular,1981-09-12T00:00:00.000Z,,,2
120,,FBS Independents,[],24,Richmond,,Southland,[],20,Arkansas State,50623,False,1981,regular,1981-09-19T00:00:00.000Z,,,3
121,,Southland,[],26,Arkansas State,,Mid-American,[],23,Central Michigan,50651,False,1981,regular,1981-09-26T00:00:00.000Z,,,4
122,,Southland,[],16,Arkansas State,,Big 8,[],17,Kansas,50737,False,1981,regular,1981-10-03T00:00:00.000Z,,,5
123,,Southland,[],3,Louisiana,,Southland,[],14,Arkansas State,50782,False,1981,regular,1981-10-10T00:00:00.000Z,,,6
124,,Southern,[],3,Chattanooga,,Southland,[],2,Arkansas State,50854,False,1981,regular,1981-10-17T00:00:00.000Z,,,7
125,,Southland,[],7,Arkansas State,,Southland,[],21,McNeese,50940,False,1981,regular,1981-10-24T00:00:00.000Z,,,8
126,,Southland,[],10,Arkansas State,,Southland,[],7,Texas-Arlington,50987,False,1981,regular,1981-10-31T00:00:00.000Z,,,9
127,,Southland,[],9,Lamar,,Southland,[],16,Arkansas State,51050,False,1981,regular,1981-11-07T00:00:00.000Z,,,10
128,,Southland,[],0,Arkansas State,,Southland,[],32,Louisiana Tech,51142,False,1981,regular,1981-11-14T00:00:00.000Z,,,11
129,,Missouri Valley,[],7,Tulsa,,Southland,[],31,Arkansas State,51184,False,1981,regular,1981-11-21T00:00:00.000Z,,,12
130,,,[],10,Arkansas State,,SEC,[],31,Mississippi State,51345,False,1982,regular,1982-09-11T00:00:00.000Z,,,2
131,,,[],35,Arkansas State,,Missouri Valley,[],30,Southern Illinois,51433,False,1982,regular,1982-09-25T00:00:00.000Z,,,4
132,,,[],7,Arkansas State,,SEC,[],34,Alabama,51489,False,1982,regular,1982-10-02T00:00:00.000Z,,,5
133,,,[],20,Arkansas State,,FBS Independents,[],13,Louisiana,51547,False,1982,regular,1982-10-09T00:00:00.000Z,,,6
134,,,[],0,Arkansas State,,FBS Independents,[],12,Memphis,51939,False,1982,regular,1982-11-27T00:00:00.000Z,,,13
135,,,[],0,Arkansas State,,Southwest,[],38,Texas A&M,52114,False,1983,regular,1983-09-17T00:00:00.000Z,,,4
136,,Missouri Valley,[],35,Southern Illinois,,,[],28,Arkansas State,52225,False,1983,regular,1983-10-01T00:00:00.000Z,,,6
137,,FBS Independents,[],14,Memphis,,,[],14,Arkansas State,52582,False,1983,regular,1983-11-19T00:00:00.000Z,,,13
138,,,[],2,Arkansas State,,FBS Independents,[],17,Memphis,52678,False,1984,regular,1984-09-01T00:00:00.000Z,,,2
139,,,[],19,Arkansas State,,Missouri Valley,[],0,Southern Illinois,52800,False,1984,regular,1984-09-22T00:00:00.000Z,,,5
140,,,[],21,Arkansas State,,Southwest,[],22,Texas A&M,52900,False,1984,regular,1984-09-29T00:00:00.000Z,,,6
141,,,[],14,Arkansas State,,SEC,[],22,Mississippi State,53369,False,1985,regular,1985-09-07T00:00:00.000Z,,,2
142,,,[],16,Arkansas State,,SEC,[],18,Ole Miss,53482,False,1985,regular,1985-09-21T00:00:00.000Z,,,4
143,,Missouri Valley,[],12,Southern Illinois,,,[],41,Arkansas State,53834,False,1985,regular,1985-11-09T00:00:00.000Z,,,11
144,,,[],30,Arkansas State,,FBS Independents,[],10,Memphis,54069,False,1986,regular,1986-09-13T00:00:00.000Z,,,3
145,,SEC,[],10,Ole Miss,,,[],10,Arkansas State,54121,False,1986,regular,1986-09-20T00:00:00.000Z,,,4
146,,,[],9,Arkansas State,,SEC,[],24,Mississippi State,54299,False,1986,regular,1986-10-11T00:00:00.000Z,,,7
147,,,[],10,Arkansas State,,SEC,[],47,Ole Miss,54771,False,1987,regular,1987-09-19T00:00:00.000Z,,,4
148,,FBS Independents,[],21,Memphis,,,[],21,Arkansas State,55053,False,1987,regular,1987-10-31T00:00:00.000Z,,,10
149,,,[],7,Arkansas State,,FBS Independents,[],9,Memphis,55353,False,1988,regular,1988-09-10T00:00:00.000Z,,,3
150,,,[],13,Arkansas State,,FBS Independents,[],12,Akron,55533,False,1988,regular,1988-10-08T00:00:00.000Z,,,7
151,,,[],22,Arkansas State,,SEC,[],25,Ole Miss,55608,False,1988,regular,1988-10-15T00:00:00.000Z,,,8
152,,,[],31,Arkansas State,,FBS Independents,[],22,Louisiana Tech,55686,False,1988,regular,1988-10-29T00:00:00.000Z,,,10
153,,,[],38,Arkansas State,,FBS Independents,[],21,Louisiana,55836,False,1988,regular,1988-11-19T00:00:00.000Z,,,13
154,,,[],17,Arkansas State,,FBS Independents,[],13,Memphis,55955,False,1989,regular,1989-09-09T00:00:00.000Z,,,2
155,,,[],31,Arkansas State,,SEC,[],34,Ole Miss,56023,False,1989,regular,1989-09-16T00:00:00.000Z,,,3
156,,FBS Independents,[],40,Louisiana Tech,,,[],37,Arkansas State,56269,False,1989,regular,1989-10-21T00:00:00.000Z,,,8
157,,,[],28,Arkansas State,,FBS Independents,[],29,Louisiana,56469,False,1989,regular,1989-11-18T00:00:00.000Z,,,12
158,,FBS Independents,[],24,Memphis,,FBS Independents,[],24,Arkansas State,56553,False,1990,regular,1990-09-01T00:00:00.000Z,,,2
159,,,[],18,Louisiana Monroe,,FBS Independents,[],23,Arkansas State,56589,False,1990,regular,1990-09-08T00:00:00.000Z,,,3
160,,FBS Independents,[],27,Arkansas State,,Western Athletic,[],34,Wyoming,56687,False,1990,regular,1990-09-15T00:00:00.000Z,,,4
161,,FBS Independents,[],7,Arkansas State,,FBS Independents,[],40,Louisiana Tech,56708,False,1990,regular,1990-09-22T00:00:00.000Z,,,5
162,,FBS Independents,[],20,Arkansas State,,,[],17,Southern Illinois,56744,False,1990,regular,1990-09-29T00:00:00.000Z,,,6
163,,,[],8,Northwestern State,,FBS Independents,[],16,Arkansas State,56795,False,1990,regular,1990-10-06T00:00:00.000Z,,,7
164,,FBS Independents,[],0,Arkansas State,,FBS Independents,[],35,Northern Illinois,56869,False,1990,regular,1990-10-13T00:00:00.000Z,,,8
165,,FBS Independents,[],13,Arkansas State,,SEC,[],42,Ole Miss,56920,False,1990,regular,1990-10-20T00:00:00.000Z,,,9
166,,FBS Independents,[],26,Arkansas State,,,[],35,North Texas,56995,False,1990,regular,1990-11-02T00:00:00.000Z,,,11
167,,FBS Independents,[],17,Louisiana,,FBS Independents,[],16,Arkansas State,57065,False,1990,regular,1990-11-10T00:00:00.000Z,,,12
168,,FBS Independents,[],28,Arkansas State,,Mid-American,[],43,Toledo,57140,False,1990,regular,1990-11-17T00:00:00.000Z,,,13
169,,FBS Independents,[],24,Arkansas State,,Western Athletic,[],38,Colorado State,57202,False,1991,regular,1991-08-31T00:00:00.000Z,,,1
170,,,[],28,Northwestern State,,FBS Independents,[],3,Arkansas State,57250,False,1991,regular,1991-09-07T00:00:00.000Z,,,2
171,,FBS Independents,[],21,Arkansas State,,FBS Independents,[],22,Northern Illinois,57298,False,1991,regular,1991-09-14T00:00:00.000Z,,,3
172,,FBS Independents,[],21,Arkansas State,,FBS Independents,[],31,Memphis,57342,False,1991,regular,1991-09-21T00:00:00.000Z,,,4
173,,FBS Independents,[],42,Louisiana Tech,,FBS Independents,[],10,Arkansas State,57388,False,1991,regular,1991-09-28T00:00:00.000Z,,,5
174,,,[],31,UCF,,FBS Independents,[],20,Arkansas State,57425,False,1991,regular,1991-10-05T00:00:00.000Z,,,6
175,,FBS Independents,[],14,Arkansas State,,SEC,[],70,LSU,57491,False,1991,regular,1991-10-12T00:00:00.000Z,,,7
176,,FBS Independents,[],23,Arkansas State,,FBS Independents,[],28,Akron,57519,False,1991,regular,1991-10-19T00:00:00.000Z,,,8
177,,,[],37,Missouri State,,FBS Independents,[],20,Arkansas State,57592,False,1991,regular,1991-10-26T00:00:00.000Z,,,9
178,,,[],17,Troy,,FBS Independents,[],20,Arkansas State,57669,False,1991,regular,1991-11-09T00:00:00.000Z,,,11
179,,FBS Independents,[],17,Louisiana,,FBS Independents,[],13,Arkansas State,57736,False,1991,regular,1991-11-16T00:00:00.000Z,,,12
180,,FBS Independents,[],0,Arkansas State,,Mid-American,[],49,Toledo,57879,False,1992,regular,1992-09-05T00:00:00.000Z,,,2
181,,FBS Independents,[],0,Arkansas State,,Big 8,[],61,Oklahoma,57921,False,1992,regular,1992-09-12T00:00:00.000Z,,,3
182,,FBS Independents,[],31,Northern Illinois,,FBS Independents,[],0,Arkansas State,57972,False,1992,regular,1992-09-19T00:00:00.000Z,,,4
183,,,[],38,Southern Illinois,,FBS Independents,[],42,Arkansas State,57996,False,1992,regular,1992-09-26T00:00:00.000Z,,,5
184,,,[],24,Northwestern State,,FBS Independents,[],18,Arkansas State,58075,False,1992,regular,1992-10-03T00:00:00.000Z,,,6
185,,,[],41,Troy,,FBS Independents,[],7,Arkansas State,58136,False,1992,regular,1992-10-10T00:00:00.000Z,,,7
186,,FBS Independents,[],7,Arkansas State,,FBS Independents,[],37,Memphis,58166,False,1992,regular,1992-10-17T00:00:00.000Z,,,8
187,,FBS Independents,[],6,Arkansas State,,SEC,[],56,Mississippi State,58215,False,1992,regular,1992-10-24T00:00:00.000Z,,,9
188,,FBS Independents,[],0,Arkansas State,,FBS Independents,[],23,Louisiana Tech,58264,False,1992,regular,1992-10-31T00:00:00.000Z,,,10
189,,FBS Independents,[],18,Arkansas State,,FBS Independents,[],35,East Carolina,58353,False,1992,regular,1992-11-14T00:00:00.000Z,,,12
190,,FBS Independents,[],20,Arkansas State,,FBS Independents,[],7,Louisiana,58396,False,1992,regular,1992-11-21T00:00:00.000Z,,,13
191,,Big West,[],6,Arkansas State,,SEC,[],44,Florida,58489,False,1993,regular,1993-09-04T00:00:00.000Z,,,2
192,,Big West,[],22,New Mexico State,,Big West,[],19,Arkansas State,58557,False,1993,regular,1993-09-11T00:00:00.000Z,,,3
193,,Big West,[],7,Arkansas State,,Big West,[],23,Northern Illinois,58608,False,1993,regular,1993-09-18T00:00:00.000Z,,,4
194,,,[],6,Southern Illinois,,Big West,[],27,Arkansas State,58634,False,1993,regular,1993-09-25T00:00:00.000Z,,,5
195,,Big West,[],3,Arkansas State,,Big West,[],17,Louisiana Tech,58701,False,1993,regular,1993-10-02T00:00:00.000Z,,,6
196,,Big West,[],3,Arkansas State,,FBS Independents,[],45,Memphis,58749,False,1993,regular,1993-10-09T00:00:00.000Z,,,7
197,,Big West,[],19,Louisiana,,Big West,[],3,Arkansas State,58787,False,1993,regular,1993-10-16T00:00:00.000Z,,,8
198,,SEC,[],15,Mississippi State,,Big West,[],15,Arkansas State,58828,False,1993,regular,1993-10-23T00:00:00.000Z,,,9
199,,,[],42,Louisiana Monroe,,Big West,[],10,Arkansas State,58940,False,1993,regular,1993-11-06T00:00:00.000Z,,,11
200,,Big West,[],6,Arkansas State,,Big West,[],20,Pacific,59005,False,1993,regular,1993-11-13T00:00:00.000Z,,,12
201,,Big West,[],21,Nevada,,Big West,[],23,Arkansas State,59019,False,1993,regular,1993-11-20T00:00:00.000Z,,,13
202,,Big West,[],7,Arkansas State,,Big East,[],34,Virginia Tech,59154,False,1994,regular,1994-09-03T00:00:00.000Z,,,2
203,,Big West,[],0,Arkansas State,,Big West,[],18,Nevada,59186,False,1994,regular,1994-09-10T00:00:00.000Z,,,3
204,,,[],14,Southern Illinois,,Big West,[],41,Arkansas State,59213,False,1994,regular,1994-09-17T00:00:00.000Z,,,4
205,,Big West,[],17,Arkansas State,,Big West,[],24,New Mexico State,59288,False,1994,regular,1994-09-24T00:00:00.000Z,,,5
206,,Big West,[],3,Arkansas State,,SEC,[],49,Mississippi State,59334,False,1994,regular,1994-10-01T00:00:00.000Z,,,6
207,,Big West,[],0,Arkansas State,,Big West,[],26,Louisiana,59378,False,1994,regular,1994-10-08T00:00:00.000Z,,,7
208,,Big West,[],6,Arkansas State,,FBS Independents,[],15,Memphis,59426,False,1994,regular,1994-10-15T00:00:00.000Z,,,8
209,,Big West,[],30,Pacific,,Big West,[],16,Arkansas State,59490,False,1994,regular,1994-10-22T00:00:00.000Z,,,9
210,,Big West,[],38,Northern Illinois,,Big West,[],16,Arkansas State,59588,False,1994,regular,1994-11-05T00:00:00.000Z,,,11
211,,Big West,[],3,Arkansas State,,Western Athletic,[],48,Colorado State,59612,False,1994,regular,1994-11-12T00:00:00.000Z,,,12
212,,Big West,[],20,Louisiana Tech,,Big West,[],14,Arkansas State,59672,False,1994,regular,1994-11-19T00:00:00.000Z,,,13
213,,Big West,[],17,Utah State,,Big West,[],21,Arkansas State,59753,False,1995,regular,1995-09-02T00:00:00.000Z,,,2
214,,Big West,[],23,Arkansas State,,Big West,[],28,UNLV,59827,False,1995,regular,1995-09-09T00:00:00.000Z,,,3
215,,,[],9,Southern Illinois,,Big West,[],14,Arkansas State,59849,False,1995,regular,1995-09-16T00:00:00.000Z,,,4
216,,Big West,[],25,Arkansas State,,Big West,[],28,Louisiana Tech,59915,False,1995,regular,1995-09-23T00:00:00.000Z,,,5
217,,Big West,[],7,Arkansas State,,Big Ten,[],55,Minnesota,59969,False,1995,regular,1995-09-30T00:00:00.000Z,,,6
218,,Big West,[],33,Louisiana,,Big West,[],9,Arkansas State,60007,False,1995,regular,1995-10-07T00:00:00.000Z,,,7
219,,Big West,[],25,Arkansas State,,Southwest,[],63,Texas Tech,60077,False,1995,regular,1995-10-14T00:00:00.000Z,,,8
220,,,[],6,Jacksonville State,,Big West,[],37,Arkansas State,60142,False,1995,regular,1995-10-28T00:00:00.000Z,,,10
221,,Big West,[],7,San José State,,Big West,[],21,Arkansas State,60191,False,1995,regular,1995-11-04T00:00:00.000Z,,,11
222,,Big West,[],28,Arkansas State,,Big West,[],21,Northern Illinois,60240,False,1995,regular,1995-11-11T00:00:00.000Z,,,12
223,,,[],3,Mississippi Valley State,,Big West,[],55,Arkansas State,60287,False,1995,regular,1995-11-18T00:00:00.000Z,,,13
224,,FBS Independents,[],9,Arkansas State,,Western Athletic,[],58,BYU,60395,False,1996,regular,1996-08-31T00:00:00.000Z,,,2
225,,,[],0,Austin Peay,,FBS Independents,[],24,Arkansas State,60426,False,1996,regular,1996-09-07T00:00:00.000Z,,,3
226,,FBS Independents,[],17,Arkansas State,,FBS Independents,[],42,UAB,60479,False,1996,regular,1996-09-14T00:00:00.000Z,,,4
227,,FBS Independents,[],31,Northern Illinois,,FBS Independents,[],30,Arkansas State,60556,False,1996,regular,1996-09-21T00:00:00.000Z,,,5
228,,,[],7,Central Arkansas,,FBS Independents,[],17,Arkansas State,60627,False,1996,regular,1996-10-05T00:00:00.000Z,,,7
229,,FBS Independents,[],31,Arkansas State,,FBS Independents,[],42,Louisiana,60692,False,1996,regular,1996-10-12T00:00:00.000Z,,,8
230,,,[],9,Southeast Missouri State,,FBS Independents,[],38,Arkansas State,60724,False,1996,regular,1996-10-19T00:00:00.000Z,,,9
231,,FBS Independents,[],21,Arkansas State,,SEC,[],38,Ole Miss,60791,False,1996,regular,1996-10-26T00:00:00.000Z,,,10
232,,FBS Independents,[],16,Arkansas State,,FBS Independents,[],34,East Carolina,60830,False,1996,regular,1996-11-02T00:00:00.000Z,,,11
233,,FBS Independents,[],38,Louisiana Tech,,FBS Independents,[],55,Arkansas State,60872,False,1996,regular,1996-11-09T00:00:00.000Z,,,12
234,,FBS Independents,[],14,Arkansas State,,Big West,[],66,Nevada,60944,False,1996,regular,1996-11-16T00:00:00.000Z,,,13
235,,FBS Independents,[],7,Arkansas State,,SEC,[],38,Georgia,61057,False,1997,regular,1997-08-30T00:00:00.000Z,,,2
236,,,[],35,Central Arkansas,,FBS Independents,[],36,Arkansas State,61133,False,1997,regular,1997-09-13T00:00:00.000Z,,,4
237,,,[],34,Southern Utah,,FBS Independents,[],24,Arkansas State,61223,False,1997,regular,1997-09-20T00:00:00.000Z,,,5
238,,FBS Independents,[],0,Arkansas State,,Big East,[],50,Virginia Tech,61272,False,1997,regular,1997-09-27T00:00:00.000Z,,,6
239,,FBS Independents,[],41,Louisiana,,FBS Independents,[],38,Arkansas State,61296,False,1997,regular,1997-10-04T00:00:00.000Z,,,7
240,,FBS Independents,[],9,Arkansas State,,Conference USA,[],38,Memphis,61348,False,1997,regular,1997-10-11T00:00:00.000Z,,,8
241,,FBS Independents,[],14,Arkansas State,,FBS Independents,[],42,Louisiana Tech,61398,False,1997,regular,1997-10-18T00:00:00.000Z,,,9
242,,FBS Independents,[],20,Arkansas State,,Big West,[],34,New Mexico State,61458,False,1997,regular,1997-10-25T00:00:00.000Z,,,10
243,,FBS Independents,[],10,Arkansas State,,Big East,[],42,Miami,61505,False,1997,regular,1997-11-01T00:00:00.000Z,,,11
244,,,[],27,Missouri State,,FBS Independents,[],35,Arkansas State,61538,False,1997,regular,1997-11-08T00:00:00.000Z,,,12
245,,FBS Independents,[],13,UAB,,FBS Independents,[],7,Arkansas State,61633,False,1997,regular,1997-11-22T00:00:00.000Z,,,14
246,,FBS Independents,[],14,Arkansas State,,Big Ten,[],17,Minnesota,61738,False,1998,regular,1998-09-05T00:00:00.000Z,,,2
247,,FBS Independents,[],6,Arkansas State,,SEC,[],42,LSU,61793,False,1998,regular,1998-09-12T00:00:00.000Z,,,3
248,,,[],24,Missouri State,,FBS Independents,[],28,Arkansas State,61830,False,1998,regular,1998-09-19T00:00:00.000Z,,,4
249,,FBS Independents,[],20,Arkansas State,,Western Athletic,[],0,Hawai'i,61880,False,1998,regular,1998-09-26T00:00:00.000Z,,,5
250,,Big West,[],31,New Mexico State,,FBS Independents,[],34,Arkansas State,61931,False,1998,regular,1998-10-03T00:00:00.000Z,,,6
251,,Big West,[],52,Idaho,,FBS Independents,[],14,Arkansas State,61998,False,1998,regular,1998-10-10T00:00:00.000Z,,,7
252,,FBS Independents,[],19,Arkansas State,,FBS Independents,[],21,Louisiana,62047,False,1998,regular,1998-10-17T00:00:00.000Z,,,8
253,,FBS Independents,[],17,Arkansas State,,SEC,[],30,Ole Miss,62106,False,1998,regular,1998-10-24T00:00:00.000Z,,,9
254,,FBS Independents,[],19,Arkansas State,,Conference USA,[],35,Memphis,62153,False,1998,regular,1998-10-31T00:00:00.000Z,,,10
255,,FBS Independents,[],69,Louisiana Tech,,FBS Independents,[],21,Arkansas State,62202,False,1998,regular,1998-11-07T00:00:00.000Z,,,11
256,,FBS Independents,[],13,Louisiana Monroe,,FBS Independents,[],17,Arkansas State,62240,False,1998,regular,1998-11-14T00:00:00.000Z,,,12
257,,Conference USA,[],51,Cincinnati,,FBS Independents,[],7,Arkansas State,62295,False,1998,regular,1998-11-21T00:00:00.000Z,,,13
258,,Big West,[],3,Arkansas State,,Big Ten,[],41,Illinois,62410,False,1999,regular,1999-09-04T00:00:00.000Z,,,2
259,,Big West,[],14,Arkansas State,,SEC,[],38,Ole Miss,62473,False,1999,regular,1999-09-11T00:00:00.000Z,,,3
260,,Big West,[],26,Arkansas State,,Conference USA,[],31,Memphis,62529,False,1999,regular,1999-09-18T00:00:00.000Z,,,4
261,,Western Athletic,[],24,TCU,,Big West,[],21,Arkansas State,62600,False,1999,regular,1999-09-25T00:00:00.000Z,,,5
262,,,[],20,Sam Houston State,,Big West,[],45,Arkansas State,62617,False,1999,regular,1999-10-02T00:00:00.000Z,,,6
263,,Big West,[],14,Arkansas State,,Big West,[],20,Utah State,62711,False,1999,regular,1999-10-09T00:00:00.000Z,,,7
264,,Big West,[],30,Idaho,,Big West,[],24,Arkansas State,62737,False,1999,regular,1999-10-16T00:00:00.000Z,,,8
265,,Big West,[],14,Arkansas State,,Big West,[],10,North Texas,62768,False,1999,regular,1999-10-23T00:00:00.000Z,,,9
266,,FBS Independents,[],27,Louisiana,,Big West,[],31,Arkansas State,62818,False,1999,regular,1999-10-30T00:00:00.000Z,,,10
267,,Big West,[],10,Arkansas State,,Big West,[],63,Boise State,62874,False,1999,regular,1999-11-06T00:00:00.000Z,,,11
268,,Big West,[],28,Nevada,,Big West,[],44,Arkansas State,62923,False,1999,regular,1999-11-13T00:00:00.000Z,,,12
269,,Big West,[],31,Arkansas State,,ACC,[],38,NC State,63106,False,2000,regular,2000-09-02T00:00:00.000Z,,,2
270,,Big West,[],7,Arkansas State,,Big 12,[],45,Oklahoma,63165,False,2000,regular,2000-09-09T00:00:00.000Z,,,3
271,,Conference USA,[],19,Memphis,,Big West,[],17,Arkansas State,63208,False,2000,regular,2000-09-16T00:00:00.000Z,,,4
272,,Big West,[],3,Arkansas State,,Western Athletic,[],52,TCU,63292,False,2000,regular,2000-09-23T00:00:00.000Z,,,5
273,,,[],30,Richmond,,Big West,[],27,Arkansas State,63333,False,2000,regular,2000-09-30T00:00:00.000Z,,,6
274,,Big West,[],10,Arkansas State,,SEC,[],35,Ole Miss,63377,False,2000,regular,2000-10-07T00:00:00.000Z,,,7
275,,Big West,[],25,Arkansas State,,Big West,[],42,Idaho,63425,False,2000,regular,2000-10-14T00:00:00.000Z,,,8
276,,Big West,[],35,New Mexico State,,Big West,[],29,Arkansas State,63484,False,2000,regular,2000-10-21T00:00:00.000Z,,,9
277,,Big West,[],31,Arkansas State,,Big West,[],44,Utah State,63553,False,2000,regular,2000-10-28T00:00:00.000Z,,,10
278,,Big West,[],42,Boise State,,Big West,[],14,Arkansas State,63561,False,2000,regular,2000-11-04T00:00:00.000Z,,,11
279,,Big West,[],28,North Texas,,Big West,[],53,Arkansas State,63614,False,2000,regular,2000-11-11T00:00:00.000Z,,,12
280,86520.0,Sun Belt,"[0, 7, 3, 7]",17,Arkansas State,False,SEC,"[14, 7, 10, 14]",45,Georgia,212440061,False,2001,regular,2001-09-01T13:00:00.000Z,Sanford Stadium,3917.0,2
281,28953.0,Sun Belt,"[0, 3, 0, 0]",3,Arkansas State,False,Big 12,"[0, 10, 7, 7]",24,Baylor,212510239,False,2001,regular,2001-09-08T19:00:00.000Z,Floyd Casey Stadium,3724.0,3
282,12126.0,,[],31,Jacksonville State,False,Sun Belt,[],28,Arkansas State,212652032,False,2001,regular,2001-09-22T19:00:00.000Z,,,5
283,22368.0,SEC,"[7, 14, 0, 14]",35,Ole Miss,False,Sun Belt,"[0, 7, 3, 7]",17,Arkansas State,212792032,False,2001,regular,2001-10-06T19:00:00.000Z,,,7
284,9391.0,Sun Belt,[],20,Louisiana,True,Sun Belt,[],26,Arkansas State,212862032,False,2001,regular,2001-10-13T15:00:00.000Z,,,8
285,,Sun Belt,[],0,Arkansas State,,Sun Belt,[],45,North Texas,63803,False,2001,regular,2001-10-20T00:00:00.000Z,,,8
286,8723.0,Sun Belt,[],31,Idaho,True,Sun Belt,[],34,Arkansas State,213002032,False,2001,regular,2001-10-27T15:00:00.000Z,,,10
287,20113.0,Sun Belt,[],6,Arkansas State,True,Sun Belt,[],54,Middle Tennessee,213072393,False,2001,regular,2001-11-03T16:00:00.000Z,"Johnny Red"""" Floyd Stadium""""",3725.0,11
288,8721.0,Sun Belt,[],17,Arkansas State,True,Sun Belt,[],28,New Mexico State,213140166,False,2001,regular,2001-11-10T17:00:00.000Z,Aggie Memorial Stadium,3601.0,12
289,8188.0,Sun Belt,[],16,Louisiana Monroe,True,Sun Belt,[],7,Arkansas State,213212032,False,2001,regular,2001-11-17T15:00:00.000Z,,,13
290,8891.0,,[],28,Nicholls,False,Sun Belt,[],22,Arkansas State,213262032,False,2001,regular,2001-11-22T15:00:00.000Z,,,14
291,54016,Sun Belt,"[0, 0, 7, 0]",7,Arkansas State,False,Big East,"[35, 21, 7, 0]",63,Virginia Tech,222370259,False,2002,regular,2002-08-25T14:30:00.000Z,Lane Stadium,3799.0,1
292,0,Western Athletic,[],33,San José State,False,Sun Belt,[],14,Arkansas State,222432032,False,2002,regular,2002-08-31T19:00:00.000Z,,,2
293,15363,Western Athletic,[],19,Tulsa,False,Sun Belt,[],21,Arkansas State,222502032,False,2002,regular,2002-09-07T19:00:00.000Z,,,3
294,46258,Sun Belt,"[0, 7, 0, 0]",7,Arkansas State,False,Big Ten,"[7, 17, 21, 14]",59,Illinois,222570356,False,2002,regular,2002-09-14T12:00:00.000Z,Memorial Stadium,3832.0,4
295,0,Sun Belt,"[3, 7, 10, 13]",33,Arkansas State,True,Sun Belt,"[14, 7, 0, 0]",21,Louisiana Monroe,222642433,False,2002,regular,2002-09-21T19:00:00.000Z,Malone Stadium,3817.0,5
296,14826,,"[0, 7, 0, 3]",10,UT Martin,False,Sun Belt,"[3, 20, 0, 7]",30,Arkansas State,222712032,False,2002,regular,2002-09-28T19:00:00.000Z,,,6
297,16191,Sun Belt,"[0, 7, 0]",7,Middle Tennessee,True,Sun Belt,"[6, 7, 0]",13,Arkansas State,222782032,False,2002,regular,2002-10-05T17:00:00.000Z,,,7
298,55204,Sun Belt,"[0, 10, 0, 7]",17,Arkansas State,False,SEC,"[10, 14, 14, 14]",52,Ole Miss,222850145,False,2002,regular,2002-10-12T14:00:00.000Z,Vaught-Hemingway Stadium,3974.0,8
299,12671,Sun Belt,"[0, 0, 6, 7]",13,North Texas,True,Sun Belt,"[0, 0, 6, 4]",10,Arkansas State,222922032,False,2002,regular,2002-10-19T19:00:00.000Z,,,9
300,11036,Sun Belt,"[0, 21, 2, 3]",26,New Mexico State,True,Sun Belt,"[7, 7, 0, 7]",21,Arkansas State,222992032,False,2002,regular,2002-10-26T19:00:00.000Z,,,10
301,9107,,"[0, 3, 0, 13]",16,Southern Utah,False,Sun Belt,"[21, 14, 0, 3]",38,Arkansas State,223062032,False,2002,regular,2002-11-02T16:00:00.000Z,,,11
302,14117,Sun Belt,"[10, 0, 0, 0]",10,Arkansas State,True,Sun Belt,"[7, 3, 0, 3]",13,Louisiana,223130309,False,2002,regular,2002-11-09T17:00:00.000Z,Cajun Field,3666.0,12
303,7825,Sun Belt,"[7, 24, 0, 7]",38,Arkansas State,True,Sun Belt,"[3, 0, 14, 12]",29,Idaho,223200070,False,2002,regular,2002-11-16T17:00:00.000Z,Kibbie Dome,3791.0,13
304,75804,Sun Belt,"[0, 3, 0, 8]",11,Arkansas State,False,Big 12,"[0, 9, 10, 7]",26,Texas A&M,232420245,False,2003,regular,2003-08-30T20:00:00.000Z,Kyle Field,3795.0,2
305,20548,,"[0, 0, 0, 6]",6,UT Martin,False,Sun Belt,"[28, 14, 14, 7]",63,Arkansas State,232492032,False,2003,regular,2003-09-06T19:00:00.000Z,,,3
306,21134,,"[0, 0, 3, 0]",3,Southeast Missouri State,False,Sun Belt,"[7, 7, 0, 7]",21,Arkansas State,232562032,False,2003,regular,2003-09-13T19:00:00.000Z,,,4
307,16231,Sun Belt,"[0, 0, 7, 0]",7,Arkansas State,False,Western Athletic,"[17, 7, 16, 14]",54,Tulsa,232630202,False,2003,regular,2003-09-20T19:00:00.000Z,,,5
308,38093,Sun Belt,"[10, 0, 0, 6]",16,Arkansas State,False,Conference USA,"[0, 3, 0, 35]",38,Memphis,232700235,False,2003,regular,2003-09-27T14:00:00.000Z,Liberty Bowl Memorial Stadium,3805.0,6
309,20135,Sun Belt,"[14, 9, 7, 11]",41,Louisiana Monroe,True,Sun Belt,"[2, 7, 21, 14]",44,Arkansas State,232772032,False,2003,regular,2003-10-04T19:00:00.000Z,,,7
310,51286,Sun Belt,"[0, 0, 0, 0]",0,Arkansas State,False,SEC,"[14, 6, 21, 14]",55,Ole Miss,232840145,False,2003,regular,2003-10-11T14:00:00.000Z,Vaught-Hemingway Stadium,3974.0,8
311,12516,Sun Belt,"[0, 0, 0, 0]",0,Arkansas State,True,Sun Belt,"[21, 14, 7, 7]",49,Utah State,232980328,False,2003,regular,2003-10-25T15:00:00.000Z,Romney Stadium,3905.0,10
312,19702,Sun Belt,"[7, 0, 14, 7]",28,Arkansas State,True,Sun Belt,"[7, 10, 0, 7]",24,New Mexico State,233050166,False,2003,regular,2003-11-01T20:00:00.000Z,Aggie Memorial Stadium,3601.0,11
313,12839,Sun Belt,"[7, 3, 0, 13]",23,Idaho,True,Sun Belt,"[0, 7, 7, 10]",24,Arkansas State,233122032,False,2003,regular,2003-11-08T15:00:00.000Z,,,12
314,16394,Sun Belt,"[0, 0, 7, 7]",14,Arkansas State,True,Sun Belt,"[21, 9, 21, 7]",58,North Texas,233190249,False,2003,regular,2003-11-15T16:05:00.000Z,,,13
315,12783,Sun Belt,"[0, 3, 14, 7]",24,Middle Tennessee,True,Sun Belt,"[0, 7, 7, 0]",14,Arkansas State,233242032,False,2003,regular,2003-11-20T19:00:00.000Z,,,14
316,0,Sun Belt,"[7, 10, 3, 0]",20,Arkansas State,False,Big 12,"[21, 14, 14, 3]",52,Missouri,242480142,False,2004,regular,2004-09-04T19:00:00.000Z,Faurot Field,3838.0,2
317,0,Sun Belt,"[0, 0, 3, 0]",3,Arkansas State,False,SEC,"[23, 14, 13, 3]",53,LSU,242550099,False,2004,regular,2004-09-11T20:00:00.000Z,Tiger Stadium,3958.0,3
318,0,Conference USA,"[3, 13, 3, 28]",47,Memphis,False,Sun Belt,"[14, 7, 7, 7]",35,Arkansas State,242622032,False,2004,regular,2004-09-18T19:00:00.000Z,,,4
319,0,Sun Belt,"[7, 7, 7, 7]",28,Arkansas State,True,Sun Belt,"[0, 14, 0, 7]",21,Louisiana Monroe,242692433,False,2004,regular,2004-09-25T19:30:00.000Z,Malone Stadium,3817.0,5
320,0,Sun Belt,"[0, 14, 0, 7]",21,Arkansas State,False,SEC,"[6, 7, 7, 8]",28,Ole Miss,242760145,False,2004,regular,2004-10-02T14:00:00.000Z,Vaught-Hemingway Stadium,3974.0,6
321,0,Sun Belt,"[7, 3, 0, 7]",17,Arkansas State,True,Sun Belt,"[7, 10, 21, 7]",45,Middle Tennessee,242832393,False,2004,regular,2004-10-09T15:00:00.000Z,"Johnny Red"""" Floyd Stadium""""",3725.0,7
322,0,Sun Belt,"[6, 3, 0, 0]",9,Troy,True,Sun Belt,"[0, 7, 0, 6]",13,Arkansas State,242902032,False,2004,regular,2004-10-16T19:00:00.000Z,,,8
323,0,Sun Belt,"[0, 7, 10, 7]",24,Arkansas State,True,Sun Belt,"[7, 17, 3, 0]",27,Louisiana,242970309,False,2004,regular,2004-10-23T17:00:00.000Z,Cajun Field,3666.0,9
324,0,Sun Belt,"[7, 14, 10, 0]",31,Arkansas State,True,Sun Belt,"[14, 6, 18, 7]",45,Idaho,243110070,False,2004,regular,2004-11-06T18:00:00.000Z,Kibbie Dome,3791.0,11
325,0,Sun Belt,"[0, 7, 0, 0]",7,Utah State,True,Sun Belt,"[3, 6, 0, 7]",16,Arkansas State,243162032,False,2004,regular,2004-11-11T19:05:00.000Z,,,12
326,0,Sun Belt,"[14, 0, 14, 3]",31,North Texas,True,Sun Belt,"[0, 0, 7, 0]",7,Arkansas State,243232032,False,2004,regular,2004-11-18T19:00:00.000Z,,,13
327,0,Big 12,"[13, 17, 7, 7]",44,Missouri,False,Sun Belt,"[0, 0, 3, 14]",17,Arkansas State,252462032,False,2005,regular,2005-09-03T12:00:00.000Z,,,1
328,17174,,"[0, 0, 0, 7]",7,UT Martin,False,Sun Belt,"[28, 0, 21, 7]",56,Arkansas State,252532032,False,2005,regular,2005-09-10T19:00:00.000Z,,,2
329,0,Sun Belt,"[7, 0, 3, 0]",10,Arkansas State,False,Big 12,"[0, 13, 7, 0]",20,Oklahoma State,252600197,False,2005,regular,2005-09-17T19:05:00.000Z,Boone Pickens Stadium,3646.0,3
330,0,Sun Belt,"[7, 10, 0, 7]",24,Florida International,True,Sun Belt,"[28, 7, 3, 28]",66,Arkansas State,252672032,False,2005,regular,2005-09-24T15:30:00.000Z,,,4
331,0,Sun Belt,"[7, 7, 10, 3]",27,Arkansas State,True,Sun Belt,"[7, 17, 0, 7]",31,Louisiana Monroe,252742433,False,2005,regular,2005-10-01T19:00:00.000Z,Malone Stadium,3817.0,5
332,0,Sun Belt,"[7, 9, 13, 7]",36,Louisiana,True,Sun Belt,"[0, 7, 7, 25]",39,Arkansas State,252862032,False,2005,regular,2005-10-13T19:30:00.000Z,,,7
333,0,Sun Belt,"[0, 0, 0, 0, 0]",0,Florida Atlantic,True,Sun Belt,"[0, 0, 0, 0, 3]",3,Arkansas State,252952032,False,2005,regular,2005-10-22T19:00:00.000Z,,,8
334,0,Sun Belt,"[0, 0, 7, 0]",7,Arkansas State,True,Sun Belt,"[7, 24, 14, 0]",45,Middle Tennessee,253092393,False,2005,regular,2005-11-05T18:00:00.000Z,"Johnny Red"""" Floyd Stadium""""",3725.0,10
335,0,Sun Belt,"[3, 0, 0, 0]",3,Troy,True,Sun Belt,"[0, 3, 0, 6]",9,Arkansas State,253162032,False,2005,regular,2005-11-12T19:00:00.000Z,,,11
336,0,Sun Belt,"[0, 3, 7, 0]",10,Arkansas State,False,FBS Independents,"[14, 14, 0, 10]",38,Army,253230349,False,2005,regular,2005-11-19T12:00:00.000Z,Blaik Field at Michie Stadium,3841.0,12
337,0,Sun Belt,"[7, 0, 17, 7]",31,Arkansas State,True,Sun Belt,"[3, 14, 0, 7]",24,North Texas,253300249,False,2005,regular,2005-11-26T14:00:00.000Z,,,13
338,23426,FBS Independents,"[3, 0, 0, 3]",6,Army,False,Sun Belt,"[0, 7, 7, 0]",14,Arkansas State,262452032,False,2006,regular,2006-09-02T19:05:00.000Z,,,1
339,23816,Big 12,"[0, 14, 14, 7]",35,Oklahoma State,False,Sun Belt,"[7, 0, 0, 0]",7,Arkansas State,262522032,False,2006,regular,2006-09-09T19:05:00.000Z,,,2
340,12979,Sun Belt,"[6, 0, 3, 0]",9,Arkansas State,False,Conference USA,"[14, 24, 3, 14]",55,SMU,262662567,False,2006,regular,2006-09-23T20:00:00.000Z,Gerald J. Ford Stadium,3735.0,4
341,15174,Sun Belt,"[7, 7, 7, 10]",31,Arkansas State,True,Sun Belt,"[0, 0, 6, 0]",6,Florida International,262732229,False,2006,regular,2006-09-30T18:00:00.000Z,FIU Stadium,218.0,5
342,18785,Sun Belt,"[0, 6, 0, 0]",6,Louisiana Monroe,True,Sun Belt,"[3, 0, 0, 7]",10,Arkansas State,262802032,False,2006,regular,2006-10-07T19:05:00.000Z,,,6
343,31758,Sun Belt,"[7, 10, 3, 6]",26,Arkansas State,False,Conference USA,"[6, 0, 10, 7]",23,Memphis,262870235,False,2006,regular,2006-10-14T14:00:00.000Z,Liberty Bowl Memorial Stadium,3805.0,7
344,19141,Sun Belt,"[3, 7, 0, 0]",10,North Texas,True,Sun Belt,"[0, 10, 13, 6]",29,Arkansas State,262942032,False,2006,regular,2006-10-21T19:05:00.000Z,,,8
345,8129,Sun Belt,"[0, 0, 0, 0]",0,Arkansas State,True,Sun Belt,"[3, 10, 2, 14]",29,Florida Atlantic,263012226,False,2006,regular,2006-10-28T16:00:00.000Z,,,9
346,78493,Sun Belt,"[0, 0, 0, 0]",0,Arkansas State,False,SEC,"[10, 3, 14, 0]",27,Auburn,263080002,False,2006,regular,2006-11-04T15:30:00.000Z,Jordan-Hare Stadium,3785.0,10
347,10176,Sun Belt,"[10, 0, 14, 14]",38,Middle Tennessee,True,Sun Belt,"[0, 3, 0, 7]",10,Arkansas State,263152032,False,2006,regular,2006-11-11T17:00:00.000Z,,,11
348,20462,Sun Belt,"[7, 13, 0, 13]",33,Arkansas State,True,Sun Belt,"[9, 7, 3, 7]",26,Troy,263222653,False,2006,regular,2006-11-18T19:00:00.000Z,Veterans Memorial Stadium,3975.0,12
349,10212,Sun Belt,"[3, 7, 0, 3]",13,Arkansas State,True,Sun Belt,"[0, 14, 0, 14]",28,Louisiana,263290309,False,2006,regular,2006-11-25T17:00:00.000Z,Cajun Field,3666.0,13
350,84440,Sun Belt,"[3, 0, 0, 10]",13,Arkansas State,False,Big 12,"[14, 0, 7, 0]",21,Texas,272440251,False,2007,regular,2007-09-01T19:00:00.000Z,Darrell K Royal-Texas Memorial Stadium,3910.0,1
351,17465,Conference USA,"[0, 14, 7, 7]",28,SMU,False,Sun Belt,"[21, 0, 7, 17]",45,Arkansas State,272582032,False,2007,regular,2007-09-15T19:00:00.000Z,,,3
352,102368,Sun Belt,"[7, 10, 3, 7]",27,Arkansas State,False,SEC,"[17, 14, 7, 10]",48,Tennessee,272652633,False,2007,regular,2007-09-22T19:00:00.000Z,Neyland Stadium,3853.0,4
353,27774,Conference USA,"[10, 21, 0, 0]",31,Memphis,False,Sun Belt,"[3, 3, 15, 14]",35,Arkansas State,272702032,False,2007,regular,2007-09-27T19:00:00.000Z,,,5
354,12088,Sun Belt,"[6, 7, 0, 0]",13,Arkansas State,True,Sun Belt,"[0, 17, 3, 10]",30,Louisiana Monroe,272792433,False,2007,regular,2007-10-06T19:00:00.000Z,Malone Stadium,3817.0,6
355,18242,Sun Belt,"[7, 14, 0, 0]",21,Louisiana,True,Sun Belt,"[7, 24, 14, 7]",52,Arkansas State,272862032,False,2007,regular,2007-10-13T19:00:00.000Z,,,7
356,12505,Sun Belt,"[0, 7, 0, 0]",7,Arkansas State,True,Sun Belt,"[14, 10, 0, 0]",24,Middle Tennessee,272932393,False,2007,regular,2007-10-20T15:30:00.000Z,"Johnny Red"""" Floyd Stadium""""",3725.0,8
357,14694,Sun Belt,"[7, 3, 7, 10]",27,Troy,True,Sun Belt,"[0, 0, 0, 0]",0,Arkansas State,273002032,False,2007,regular,2007-10-27T19:00:00.000Z,,,9
358,12326,Sun Belt,"[0, 9, 7, 8]",24,Florida International,True,Sun Belt,"[3, 0, 7, 17]",27,Arkansas State,273072032,False,2007,regular,2007-11-03T15:00:00.000Z,,,10
359,18540,Sun Belt,"[7, 3, 14, 7]",31,Arkansas State,True,Sun Belt,"[7, 10, 3, 14]",34,Florida Atlantic,273142226,False,2007,regular,2007-11-10T16:00:00.000Z,,,11
360,11736,Sun Belt,"[7, 14, 0, 6]",27,North Texas,True,Sun Belt,"[0, 7, 10, 14]",31,Arkansas State,273192032,False,2007,regular,2007-11-15T19:00:00.000Z,,,12
361,17705,Sun Belt,"[0, 3, 7, 0]",10,Arkansas State,False,Conference USA,"[0, 7, 3, 6]",16,Southern Mississippi,273282572,False,2007,regular,2007-11-24T15:00:00.000Z,M. M. Roberts Stadium,3815.0,13
362,78691,Sun Belt,"[3, 0, 6, 9]",18,Arkansas State,False,Big 12,"[7, 7, 0, 0]",14,Texas A&M,282430245,False,2008,regular,2008-08-30T19:05:00.000Z,Kyle Field,3795.0,1
363,21741,,"[0, 3, 7, 0]",10,Texas Southern,False,Sun Belt,"[31, 21, 17, 14]",83,Arkansas State,282502032,False,2008,regular,2008-09-06T19:00:00.000Z,Centennial Bank Stadium,3625.0,2
364,25938,Conference USA,"[3, 14, 0, 10]",27,Southern Mississippi,False,Sun Belt,"[3, 0, 14, 7]",24,Arkansas State,282572032,False,2008,regular,2008-09-13T19:00:00.000Z,Centennial Bank Stadium,3625.0,3
365,24256,Sun Belt,"[0, 0, 7, 7]",14,Middle Tennessee,True,Sun Belt,"[7, 10, 7, 7]",31,Arkansas State,282642032,False,2008,regular,2008-09-20T19:00:00.000Z,Centennial Bank Stadium,3625.0,4
366,26376,Sun Belt,"[0, 17, 0, 0]",17,Arkansas State,False,Conference USA,"[13, 3, 3, 10]",29,Memphis,282710235,False,2008,regular,2008-09-27T14:00:00.000Z,Liberty Bowl Memorial Stadium,3805.0,5
367,22745,Sun Belt,"[7, 7, 0, 15]",29,Louisiana Monroe,True,Sun Belt,"[7, 20, 7, 3]",37,Arkansas State,282852032,False,2008,regular,2008-10-11T19:00:00.000Z,Centennial Bank Stadium,3625.0,7
368,23684,Sun Belt,"[3, 7, 3, 10]",23,Arkansas State,True,Sun Belt,"[0, 7, 7, 14]",28,Louisiana,282920309,False,2008,regular,2008-10-18T19:00:00.000Z,Cajun Field,3666.0,8
369,92138,Sun Belt,"[0, 0, 0, 0]",0,Arkansas State,False,SEC,"[7, 7, 14, 7]",35,Alabama,283060333,False,2008,regular,2008-11-01T15:00:00.000Z,Bryant Denny Stadium,3657.0,10
370,15106,Sun Belt,"[0, 7, 7, 7]",21,Arkansas State,True,Sun Belt,"[0, 6, 6, 10]",22,Florida International,283132229,False,2008,regular,2008-11-08T19:00:00.000Z,FIU Stadium,218.0,11
371,10845,Sun Belt,"[7, 7, 0, 0]",14,Florida Atlantic,True,Sun Belt,"[7, 7, 7, 7]",28,Arkansas State,283272032,False,2008,regular,2008-11-22T15:00:00.000Z,Centennial Bank Stadium,3625.0,13
372,9761,Sun Belt,"[7, 10, 13, 3]",33,Arkansas State,True,Sun Belt,"[0, 14, 14, 0]",28,North Texas,283340249,False,2008,regular,2008-11-29T14:00:00.000Z,,,14
373,16227,Sun Belt,"[0, 0, 0, 9]",9,Arkansas State,True,Sun Belt,"[7, 14, 0, 14]",35,Troy,283412653,False,2008,regular,2008-12-06T19:00:00.000Z,Veterans Memorial Stadium,3975.0,15
374,0,,"[0, 0, 0, 0]",0,Mississippi Valley State,False,Sun Belt,"[20, 20, 14, 7]",61,Arkansas State,292482032,False,2009,regular,2009-09-05T19:05:00.000Z,Centennial Bank Stadium,3625.0,1
375,0,Sun Belt,"[0, 6, 0, 3]",9,Arkansas State,False,Big 12,"[14, 10, 7, 7]",38,Nebraska,292550158,False,2009,regular,2009-09-12T14:00:00.000Z,Memorial Stadium,3834.0,2
376,0,Sun Belt,"[3, 17, 3, 7]",30,Troy,True,Sun Belt,"[10, 0, 14, 3]",27,Arkansas State,292692032,False,2009,regular,2009-09-26T16:30:00.000Z,Centennial Bank Stadium,3625.0,4
377,0,Sun Belt,"[0, 7, 0, 14]",21,Arkansas State,False,Big Ten,"[14, 0, 7, 3]",24,Iowa,292762294,False,2009,regular,2009-10-03T12:05:00.000Z,Kinnick Stadium,3793.0,5
378,0,Sun Belt,"[0, 0, 10, 0]",10,Arkansas State,True,Sun Belt,"[10, 6, 0, 0]",16,Louisiana Monroe,292862433,False,2009,regular,2009-10-13T20:00:00.000Z,Malone Stadium,3817.0,7
379,0,Sun Belt,"[0, 0, 3, 7]",10,Florida International,True,Sun Belt,"[7, 0, 10, 10]",27,Arkansas State,292972032,False,2009,regular,2009-10-24T19:00:00.000Z,Centennial Bank Stadium,3625.0,8
380,0,Sun Belt,"[0, 3, 7, 3]",13,Arkansas State,False,Big East,"[7, 7, 7, 0]",21,Louisville,293040097,False,2009,regular,2009-10-31T15:30:00.000Z,Papa John's Cardinal Stadium,3873.0,9
381,0,Sun Belt,"[7, 7, 7, 0]",21,Louisiana,True,Sun Belt,"[0, 3, 0, 15]",18,Arkansas State,293112032,False,2009,regular,2009-11-07T15:30:00.000Z,Centennial Bank Stadium,3625.0,10
382,0,Sun Belt,"[6, 3, 0, 9]",18,Arkansas State,True,Sun Belt,"[7, 0, 14, 14]",35,Florida Atlantic,293182226,False,2009,regular,2009-11-14T16:00:00.000Z,,,11
383,0,Sun Belt,"[0, 7, 0, 7]",14,Arkansas State,True,Sun Belt,"[17, 7, 14, 0]",38,Middle Tennessee,293252393,False,2009,regular,2009-11-21T16:30:00.000Z,"Johnny Red"""" Floyd Stadium""""",3725.0,12
384,0,Sun Belt,"[0, 7, 7, 12]",26,North Texas,True,Sun Belt,"[14, 13, 3, 0]",30,Arkansas State,293322032,False,2009,regular,2009-11-28T15:00:00.000Z,Centennial Bank Stadium,3625.0,13
385,0,Sun Belt,"[0, 3, 7, 14]",24,Arkansas State,True,Sun Belt,"[14, 3, 3, 0]",20,Western Kentucky,293370098,False,2009,regular,2009-12-03T19:00:00.000Z,Houchens Industries-L. T. Smith Stadium,3796.0,14
386,0,Sun Belt,"[6, 10, 7, 3]",26,Arkansas State,False,SEC,"[14, 21, 10, 7]",52,Auburn,302470002,False,2010,regular,2010-09-04T19:00:00.000Z,Jordan-Hare Stadium,3785.0,1
387,0,Sun Belt,"[7, 0, 0, 17]",24,Arkansas State,True,Sun Belt,"[10, 14, 7, 0]",31,Louisiana,302540309,False,2010,regular,2010-09-11T15:30:00.000Z,Cajun Field,3666.0,2
388,0,Sun Belt,"[0, 6, 8, 6]",20,Louisiana Monroe,True,Sun Belt,"[14, 7, 7, 6]",34,Arkansas State,302612032,False,2010,regular,2010-09-18T20:00:00.000Z,Centennial Bank Stadium,3625.0,3
389,0,Sun Belt,"[7, 7, 0, 14]",28,Arkansas State,True,Sun Belt,"[14, 10, 0, 11]",35,Troy,302682653,False,2010,regular,2010-09-25T15:30:00.000Z,Veterans Memorial Stadium,3975.0,4
390,0,Big East,"[10, 21, 0, 3]",34,Louisville,False,Sun Belt,"[0, 7, 14, 3]",24,Arkansas State,302752032,False,2010,regular,2010-10-02T19:00:00.000Z,Centennial Bank Stadium,3625.0,5
391,0,Sun Belt,"[14, 7, 0, 3]",24,Arkansas State,True,Sun Belt,"[3, 13, 0, 3]",19,North Texas,302820249,False,2010,regular,2010-10-09T19:00:00.000Z,,,6
392,0,Sun Belt,"[7, 7, 0, 20]",34,Arkansas State,False,Big Ten,"[3, 9, 7, 17]",36,Indiana,302890084,False,2010,regular,2010-10-16T12:00:00.000Z,Memorial Stadium,3830.0,7
393,0,Sun Belt,"[0, 7, 6, 3]",16,Florida Atlantic,True,Sun Belt,"[0, 9, 0, 28]",37,Arkansas State,302962032,False,2010,regular,2010-10-23T13:00:00.000Z,Centennial Bank Stadium,3625.0,8
394,0,Sun Belt,"[10, 7, 0, 7]",24,Middle Tennessee,True,Sun Belt,"[13, 10, 14, 14]",51,Arkansas State,303062032,False,2010,regular,2010-11-02T19:00:00.000Z,Centennial Bank Stadium,3625.0,10
395,0,Sun Belt,"[0, 7, 14, 7, 8]",36,Western Kentucky,True,Sun Belt,"[7, 0, 0, 21, 7]",35,Arkansas State,303172032,False,2010,regular,2010-11-13T15:00:00.000Z,Centennial Bank Stadium,3625.0,11
396,0,Sun Belt,"[0, 13, 0, 6]",19,Arkansas State,False,FBS Independents,"[14, 7, 0, 14]",35,Navy,303242426,False,2010,regular,2010-11-20T15:30:00.000Z,Navy-Marine Corps Memorial Stadium,3852.0,12
397,0,Sun Belt,"[3, 14, 0, 7]",24,Arkansas State,True,Sun Belt,"[3, 14, 3, 11]",31,Florida International,303312229,False,2010,regular,2010-11-27T15:30:00.000Z,FIU Stadium,218.0,13
398,0,Sun Belt,"[0, 8, 0, 7]",15,Arkansas State,False,Big Ten,"[7, 10, 13, 3]",33,Illinois,312460356,False,2011,regular,2011-09-03T15:30:00.000Z,Memorial Stadium,3832,1
399,0,Conference USA,"[0, 3, 0, 0]",3,Memphis,False,Sun Belt,"[10, 20, 17, 0]",47,Arkansas State,312532032,False,2011,regular,2011-09-10T19:00:00.000Z,Centennial Bank Stadium,3625,2
400,0,Sun Belt,"[7, 0, 0, 0]",7,Arkansas State,False,ACC,"[16, 7, 3, 0]",26,Virginia Tech,312600259,False,2011,regular,2011-09-17T16:00:00.000Z,Lane Stadium,3799,3
401,0,,"[7, 3, 7, 7]",24,Central Arkansas,False,Sun Belt,"[10, 9, 17, 17]",53,Arkansas State,312672032,False,2011,regular,2011-09-24T20:00:00.000Z,Centennial Bank Stadium,3625,4
402,0,Sun Belt,"[0, 10, 0, 16]",26,Arkansas State,True,Sun Belt,"[7, 0, 7, 8]",22,Western Kentucky,312740098,False,2011,regular,2011-10-01T16:00:00.000Z,Houchens Industries-L. T. Smith Stadium,3796,5
403,0,Sun Belt,"[7, 3, 7, 7]",24,Arkansas State,True,Sun Belt,"[7, 6, 0, 6]",19,Louisiana Monroe,312812433,False,2011,regular,2011-10-08T19:00:00.000Z,Malone Stadium,3817,6
404,0,Sun Belt,"[3, 3, 10, 0]",16,Florida International,True,Sun Belt,"[0, 6, 7, 21]",34,Arkansas State,312912032,False,2011,regular,2011-10-18T20:00:00.000Z,Centennial Bank Stadium,3625,8
405,0,Sun Belt,"[0, 0, 7, 7]",14,North Texas,True,Sun Belt,"[10, 21, 0, 6]",37,Arkansas State,313022032,False,2011,regular,2011-10-29T19:00:00.000Z,Centennial Bank Stadium,3625,9
406,0,Sun Belt,"[15, 3, 7, 14]",39,Arkansas State,True,Sun Belt,"[0, 14, 7, 0]",21,Florida Atlantic,313092226,False,2011,regular,2011-11-05T16:00:00.000Z,FAU Stadium,3715,10
407,0,Sun Belt,"[0, 7, 14, 0]",21,Louisiana,True,Sun Belt,"[14, 6, 7, 3]",30,Arkansas State,313162032,False,2011,regular,2011-11-12T15:00:00.000Z,Centennial Bank Stadium,3625,11
408,0,Sun Belt,"[15, 10, 14, 6]",45,Arkansas State,True,Sun Belt,"[2, 17, 0, 0]",19,Middle Tennessee,313232393,False,2011,regular,2011-11-19T15:00:00.000Z,"Johnny Red"""" Floyd Stadium""""",3725,12
409,0,Sun Belt,"[0, 14, 0, 0]",14,Troy,True,Sun Belt,"[10, 14, 7, 14]",45,Arkansas State,313362032,False,2011,regular,2011-12-03T16:30:00.000Z,Centennial Bank Stadium,3625,14
410,56144,Sun Belt,"[0, 10, 10, 14]",34,Arkansas State,False,Pac-12,"[29, 21, 0, 7]",57,Oregon,322452483,False,2012,regular,2012-09-01T22:30:00.000Z,Autzen Stadium,3626,1
411,28041,Conference USA,"[7, 14, 7, 0]",28,Memphis,False,Sun Belt,"[3, 14, 10, 6]",33,Arkansas State,322522032,False,2012,regular,2012-09-08T19:00:00.000Z,Centennial Bank Stadium,3625,2
412,85290,Sun Belt,"[0, 3, 10, 0]",13,Arkansas State,False,Big Ten,"[14, 14, 0, 14]",42,Nebraska,322590158,False,2012,regular,2012-09-15T12:00:00.000Z,Memorial Stadium,3834,3
413,21559,,"[0, 0, 0, 0]",0,Alcorn State,False,Sun Belt,"[14, 28, 7, 7]",56,Arkansas State,322662032,False,2012,regular,2012-09-22T19:00:00.000Z,Centennial Bank Stadium,3625,4
414,25160,Sun Belt,"[0, 0, 14, 12]",26,Western Kentucky,True,Sun Belt,"[3, 10, 0, 0]",13,Arkansas State,322732032,False,2012,regular,2012-09-29T19:00:00.000Z,Centennial Bank Stadium,3625,5
415,13612,Sun Belt,"[0, 14, 13, 7]",34,Arkansas State,True,Sun Belt,"[3, 7, 3, 7]",20,Florida International,322782229,False,2012,regular,2012-10-04T19:30:00.000Z,FIU Stadium,218,6
416,22143,Sun Belt,"[10, 3, 6, 10]",29,South Alabama,True,Sun Belt,"[14, 0, 14, 8]",36,Arkansas State,322872032,False,2012,regular,2012-10-13T19:00:00.000Z,Centennial Bank Stadium,3625,7
417,19873,Sun Belt,"[6, 20, 14, 10]",50,Arkansas State,True,Sun Belt,"[0, 7, 7, 13]",27,Louisiana,322970309,False,2012,regular,2012-10-23T20:00:00.000Z,Cajun Field,3666,9
418,17534,Sun Belt,"[10, 20, 7, 0]",37,Arkansas State,True,Sun Belt,"[9, 3, 7, 0]",19,North Texas,323080249,False,2012,regular,2012-11-03T17:00:00.000Z,Apogee Stadium,3825,10
419,30243,Sun Belt,"[7, 3, 7, 6]",23,Louisiana Monroe,True,Sun Belt,"[14, 3, 21, 7]",45,Arkansas State,323132032,False,2012,regular,2012-11-08T19:00:00.000Z,Centennial Bank Stadium,3625,11
420,20614,Sun Belt,"[13, 7, 14, 7]",41,Arkansas State,True,Sun Belt,"[7, 10, 6, 11]",34,Troy,323222653,False,2012,regular,2012-11-17T15:30:00.000Z,Veterans Memorial Stadium,3975,12
421,31243,Sun Belt,"[0, 0, 0, 0]",0,Middle Tennessee,True,Sun Belt,"[21, 14, 7, 3]",45,Arkansas State,323362032,False,2012,regular,2012-12-01T15:00:00.000Z,Centennial Bank Stadium,3625,14
422,30451,,"[0, 0, 11, 0]",11,Arkansas-Pine Bluff,False,Sun Belt,"[14, 34, 14, 0]",62,Arkansas State,332432032,False,2013,regular,2013-08-31T19:00:00.000Z,Centennial Bank Stadium,3625,1
423,83246,Sun Belt,"[3, 0, 6, 0]",9,Arkansas State,False,SEC,"[14, 7, 7, 10]",38,Auburn,332500002,False,2013,regular,2013-09-07T19:30:00.000Z,Jordan-Hare Stadium,3785,2
424,26012,Sun Belt,"[7, 14, 7, 6]",34,Troy,True,Sun Belt,"[20, 0, 14, 7]",41,Arkansas State,332552032,False,2013,regular,2013-09-12T19:30:00.000Z,Centennial Bank Stadium,3625,3
425,36279,Sun Belt,"[7, 0, 0, 0]",7,Arkansas State,False,American Athletic,"[14, 10, 7, 0]",31,Memphis,332640235,False,2013,regular,2013-09-21T16:30:00.000Z,Liberty Bowl Memorial Stadium,3805,4
426,62468,Sun Belt,"[6, 7, 3, 3]",19,Arkansas State,False,SEC,"[7, 7, 6, 21]",41,Missouri,332710142,False,2013,regular,2013-09-28T19:30:00.000Z,Faurot Field,3838,5
427,26781,FBS Independents,"[7, 0, 10, 7]",24,Idaho,False,Sun Belt,"[14, 10, 7, 17]",48,Arkansas State,332852032,False,2013,regular,2013-10-12T19:00:00.000Z,Centennial Bank Stadium,3625,7
428,24578,Sun Belt,"[10, 10, 3, 0]",23,Louisiana,True,Sun Belt,"[0, 7, 0, 0]",7,Arkansas State,332952032,False,2013,regular,2013-10-22T20:00:00.000Z,Centennial Bank Stadium,3625,9
429,18228,Sun Belt,"[0, 0, 7, 10]",17,Arkansas State,True,Sun Belt,"[0, 6, 7, 3]",16,South Alabama,333060006,False,2013,regular,2013-11-02T19:30:00.000Z,Ladd Peebles Stadium,3797,10
430,13427,Sun Belt,"[7, 7, 14, 14]",42,Arkansas State,True,Sun Belt,"[7, 7, 0, 0]",14,Louisiana Monroe,333132433,False,2013,regular,2013-11-09T19:00:00.000Z,Malone Stadium,3817,11
431,23143,Sun Belt,"[14, 7, 0, 0]",21,Texas State,True,Sun Belt,"[7, 14, 14, 3]",38,Arkansas State,333202032,False,2013,regular,2013-11-16T19:30:00.000Z,Centennial Bank Stadium,3625,12
432,18512,Sun Belt,"[10, 7, 7, 9]",33,Georgia State,True,Sun Belt,"[7, 0, 21, 7]",35,Arkansas State,333272032,False,2013,regular,2013-11-23T15:00:00.000Z,Centennial Bank Stadium,3625,13
433,14417,Sun Belt,"[7, 7, 10, 7]",31,Arkansas State,True,Sun Belt,"[14, 6, 7, 7]",34,Western Kentucky,333340098,False,2013,regular,2013-11-30T16:00:00.000Z,Houchens Industries-L. T. Smith Stadium,3796,14
434,26143,,"[7, 0, 3, 0]",10,Montana State,False,Sun Belt,"[10, 3, 10, 14]",37,Arkansas State,400548405,False,2014,regular,2014-08-30T19:00:00.000Z,Centennial Bank Stadium,3625,1
435,99538,Sun Belt,"[6, 6, 0, 7]",19,Arkansas State,False,SEC,"[10, 14, 7, 3]",34,Tennessee,400548396,False,2014,regular,2014-09-06T12:00:00.000Z,Neyland Stadium,3853,2
436,41519,Sun Belt,"[7, 7, 0, 6]",20,Arkansas State,False,ACC,"[20, 7, 14, 0]",41,Miami,400547788,False,2014,regular,2014-09-13T15:30:00.000Z,Hard Rock Stadium,3948,3
437,29029,Mountain West,"[7, 0, 7, 0, 0]",14,Utah State,False,Sun Belt,"[0, 0, 7, 7, 7]",21,Arkansas State,400548203,False,2014,regular,2014-09-20T19:00:00.000Z,Centennial Bank Stadium,3625,4
438,29317,Sun Belt,"[0, 0, 0, 14]",14,Louisiana Monroe,True,Sun Belt,"[0, 0, 14, 14]",28,Arkansas State,400548419,False,2014,regular,2014-10-04T19:00:00.000Z,Centennial Bank Stadium,3625,6
439,10196,Sun Belt,"[24, 7, 14, 7]",52,Arkansas State,True,Sun Belt,"[0, 3, 0, 7]",10,Georgia State,400548424,False,2014,regular,2014-10-11T14:00:00.000Z,Georgia Dome,3495,7
440,21760,Sun Belt,"[9, 14, 0, 17]",40,Arkansas State,True,Sun Belt,"[13, 21, 7, 14]",55,Louisiana,400548431,False,2014,regular,2014-10-21T20:00:00.000Z,Cajun Field,3666,9
441,11082,Sun Belt,"[7, 10, 13, 14]",44,Arkansas State,True,Sun Belt,"[0, 14, 14, 0]",28,Idaho,400548436,False,2014,regular,2014-11-01T17:00:00.000Z,Kibbie Dome,3791,10
442,23615,Sun Belt,"[3, 0, 0, 7]",10,South Alabama,True,Sun Belt,"[7, 17, 14, 7]",45,Arkansas State,400548441,False,2014,regular,2014-11-08T15:00:00.000Z,Centennial Bank Stadium,3625,11
443,20016,Sun Belt,"[0, 13, 14, 10]",37,Appalachian State,True,Sun Belt,"[13, 7, 0, 12]",32,Arkansas State,400548445,False,2014,regular,2014-11-15T15:00:00.000Z,Centennial Bank Stadium,3625,12
444,12264,Sun Belt,"[0, 14, 6, 7]",27,Arkansas State,True,Sun Belt,"[7, 21, 3, 14]",45,Texas State,400550421,False,2014,regular,2014-11-20T21:30:00.000Z,Jim Wacker Field at Bobcat Stadium,3644,13
445,21043,Sun Belt,"[7, 14, 7, 7]",35,New Mexico State,True,Sun Belt,"[7, 20, 21, 20]",68,Arkansas State,400548455,False,2014,regular,2014-11-29T15:00:00.000Z,Centennial Bank Stadium,3625,14
446,79809,Sun Belt,"[0, 0, 6, 0]",6,Arkansas State,False,Pac-12,"[14, 14, 14, 13]",55,USC,400756884,False,2015,regular,2015-09-05T23:00:00.000Z,Los Angeles Memorial Coliseum,477,1
447,29143,SEC,"[3, 7, 14, 3]",27,Missouri,False,Sun Belt,"[0, 17, 0, 3]",20,Arkansas State,400603862,False,2015,regular,2015-09-12T19:00:00.000Z,Centennial Bank Stadium,3625,2
448,26634,,"[0, 0, 7, 0]",7,Missouri State,False,Sun Belt,"[21, 21, 21, 7]",70,Arkansas State,400787420,False,2015,regular,2015-09-19T19:00:00.000Z,Centennial Bank Stadium,3625,3
449,21385,Sun Belt,"[0, 7, 0, 0]",7,Arkansas State,False,Mid-American,"[17, 10, 3, 7]",37,Toledo,400787314,False,2015,regular,2015-09-26T19:00:00.000Z,Glass Bowl,3739,4
450,23411,Sun Belt,"[7, 7, 7, 14]",35,Idaho,True,Sun Belt,"[7, 21, 14, 7]",49,Arkansas State,400787444,False,2015,regular,2015-10-03T19:00:00.000Z,Centennial Bank Stadium,3625,5
451,18538,Sun Belt,"[14, 0, 6, 29]",49,Arkansas State,True,Sun Belt,"[7, 14, 3, 7]",31,South Alabama,400787450,False,2015,regular,2015-10-13T20:00:00.000Z,Ladd Peebles Stadium,3797,7
452,0,Sun Belt,"[0, 14, 7, 6]",27,Louisiana,True,Sun Belt,"[13, 21, 3, 0]",37,Arkansas State,400787454,False,2015,regular,2015-10-20T20:00:00.000Z,Centennial Bank Stadium,3625,8
453,18217,Sun Belt,"[6, 21, 7, 0]",34,Georgia State,True,Sun Belt,"[13, 7, 7, 21]",48,Arkansas State,400787461,False,2015,regular,2015-10-31T19:00:00.000Z,Centennial Bank Stadium,3625,9
454,18721,Sun Belt,"[14, 3, 17, 6]",40,Arkansas State,True,Sun Belt,"[14, 7, 0, 6]",27,Appalachian State,400787464,False,2015,regular,2015-11-05T19:30:00.000Z,Kidd Brewer Stadium,3792,10
455,9063,Sun Belt,"[7, 28, 10, 14]",59,Arkansas State,True,Sun Belt,"[0, 21, 0, 0]",21,Louisiana Monroe,400787471,False,2015,regular,2015-11-14T15:00:00.000Z,Malone Stadium,3817,11
456,25147,Sun Belt,"[21, 14, 10, 7]",52,Arkansas State,True,Sun Belt,"[7, 7, 7, 7]",28,New Mexico State,400787479,False,2015,regular,2015-11-28T16:00:00.000Z,Aggie Memorial Stadium,3601,13
457,20143,Sun Belt,"[0, 7, 3, 7]",17,Texas State,True,Sun Belt,"[14, 13, 14, 14]",55,Arkansas State,400787483,False,2015,regular,2015-12-05T15:00:00.000Z,Centennial Bank Stadium,3625,14
458,26182,Mid-American,"[0, 21, 10, 0]",31,Toledo,False,Sun Belt,"[3, 0, 0, 7]",10,Arkansas State,400869265,False,2016,regular,2016-09-02T21:00:00.000Z,Centennial Bank Stadium,3625,1
459,86825,Sun Belt,"[7, 0, 7, 0]",14,Arkansas State,False,SEC,"[14, 24, 10, 3]",51,Auburn,400868982,False,2016,regular,2016-09-10T19:30:00.000Z,Jordan-Hare Stadium,3785,2
460,21091,Sun Belt,"[0, 0, 14, 6]",20,Arkansas State,False,Mountain West,"[17, 7, 3, 7]",34,Utah State,400869193,False,2016,regular,2016-09-16T21:00:00.000Z,Romney Stadium,3905,3
461,0,,"[7, 6, 3, 12]",28,Central Arkansas,False,Sun Belt,"[16, 0, 7, 0]",23,Arkansas State,400869815,False,2016,regular,2016-09-24T19:00:00.000Z,Centennial Bank Stadium,3625,4
462,0,Sun Belt,"[7, 6, 10, 3]",26,Georgia Southern,True,Sun Belt,"[0, 10, 7, 10]",27,Arkansas State,400869822,False,2016,regular,2016-10-05T20:00:00.000Z,Centennial Bank Stadium,3625,6
463,22277,Sun Belt,"[0, 0, 0, 7]",7,South Alabama,True,Sun Belt,"[0, 14, 3, 0]",17,Arkansas State,400869826,False,2016,regular,2016-10-15T19:00:00.000Z,Centennial Bank Stadium,3625,7
464,20170,Sun Belt,"[0, 3, 7, 0]",10,Louisiana Monroe,True,Sun Belt,"[14, 28, 9, 0]",51,Arkansas State,400869836,False,2016,regular,2016-10-29T19:00:00.000Z,Centennial Bank Stadium,3625,9
465,13363,Sun Belt,"[0, 10, 7, 14]",31,Arkansas State,True,Sun Belt,"[0, 3, 7, 6]",16,Georgia State,400869838,False,2016,regular,2016-11-03T19:30:00.000Z,Georgia Dome,3495,10
466,20178,Sun Belt,"[3, 3, 9, 7]",22,New Mexico State,True,Sun Belt,"[13, 14, 14, 0]",41,Arkansas State,400869843,False,2016,regular,2016-11-12T15:00:00.000Z,Centennial Bank Stadium,3625,11
467,23764,Sun Belt,"[0, 7, 21, 7]",35,Arkansas State,True,Sun Belt,"[3, 0, 0, 0]",3,Troy,400869847,False,2016,regular,2016-11-17T21:30:00.000Z,Veterans Memorial Stadium,3975,12
468,14259,Sun Belt,"[7, 0, 3, 9]",19,Arkansas State,True,Sun Belt,"[7, 7, 7, 3]",24,Louisiana,400869852,False,2016,regular,2016-11-26T12:00:00.000Z,Cajun Field,3666,13
469,11137,Sun Belt,"[6, 7, 3, 20]",36,Arkansas State,True,Sun Belt,"[0, 7, 7, 0]",14,Texas State,400869855,False,2016,regular,2016-12-03T19:30:00.000Z,Jim Wacker Field at Bobcat Stadium,3644,14
470,90171,Sun Belt,"[14, 12, 0, 10]",36,Arkansas State,False,Big Ten,"[17, 10, 7, 9]",43,Nebraska,400935235,False,2017,regular,2017-09-02T20:00:00.000Z,Memorial Stadium,3834,1
471,24371,,"[0, 3, 0, 0]",3,Arkansas-Pine Bluff,False,Sun Belt,"[13, 7, 21, 7]",48,Arkansas State,400944838,False,2017,regular,2017-09-16T19:00:00.000Z,Centennial Bank Stadium,3625,3
472,23672,Sun Belt,"[14, 0, 0, 7]",21,Arkansas State,False,American Athletic,"[10, 20, 7, 7]",44,SMU,400941806,False,2017,regular,2017-09-23T19:00:00.000Z,Gerald J. Ford Stadium,3735,4
473,13781,Sun Belt,"[3, 19, 14, 7]",43,Arkansas State,True,Sun Belt,"[0, 17, 0, 8]",25,Georgia Southern,400944846,False,2017,regular,2017-10-04T20:00:00.000Z,Paulson Stadium,3608,6
474,25916,Sun Belt,"[0, 7, 0, 10]",17,Coastal Carolina,True,Sun Belt,"[7, 10, 17, 17]",51,Arkansas State,400944854,False,2017,regular,2017-10-14T19:00:00.000Z,Centennial Bank Stadium,3625,7
475,21943,Sun Belt,"[3, 0, 0, 0]",3,Louisiana,True,Sun Belt,"[14, 20, 3, 10]",47,Arkansas State,400944857,False,2017,regular,2017-10-19T19:30:00.000Z,Centennial Bank Stadium,3625,8
476,10041,Sun Belt,"[7, 0, 10, 20]",37,Arkansas State,True,Sun Belt,"[0, 14, 0, 7]",21,New Mexico State,400944862,False,2017,regular,2017-10-28T20:00:00.000Z,Aggie Memorial Stadium,3601,9
477,17640,Sun Belt,"[0, 6, 6, 7]",19,Arkansas State,True,Sun Belt,"[10, 0, 7, 7]",24,South Alabama,400944872,False,2017,regular,2017-11-11T17:00:00.000Z,Ladd Peebles Stadium,3797,11
478,19846,Sun Belt,"[6, 0, 6, 0]",12,Texas State,True,Sun Belt,"[16, 0, 14, 0]",30,Arkansas State,400944875,False,2017,regular,2017-11-18T15:00:00.000Z,Centennial Bank Stadium,3625,12
479,8245,Sun Belt,"[7, 21, 21, 18]",67,Arkansas State,True,Sun Belt,"[14, 7, 14, 15]",50,Louisiana Monroe,400944880,False,2017,regular,2017-11-25T15:00:00.000Z,Malone Stadium,3817,13
480,27462,Sun Belt,"[0, 7, 10, 15]",32,Troy,True,Sun Belt,"[0, 10, 3, 12]",25,Arkansas State,400944885,False,2017,regular,2017-12-02T19:30:00.000Z,Centennial Bank Stadium,3625,14
481,0,,"[0, 14, 0, 7]",21,Southeast Missouri State,False,Sun Belt,"[7, 14, 27, 0]",48,Arkansas State,401021652,False,2018,regular,2018-09-01T23:00:00.000Z,Centennial Bank Stadium,3625,1
482,0,Sun Belt,"[0, 0, 7, 0]",7,Arkansas State,False,SEC,"[19, 21, 10, 7]",57,Alabama,401012260,False,2018,regular,2018-09-08T19:30:00.000Z,Bryant Denny Stadium,3657,2
483,0,Sun Belt,"[3, 10, 14, 2]",29,Arkansas State,False,American Athletic,"[7, 0, 3, 10]",20,Tulsa,401019488,False,2018,regular,2018-09-15T23:00:00.000Z,Skelly Field at H. A. Chapman Stadium,3674,3
484,0,Mountain West,"[7, 0, 13, 0]",20,UNLV,False,Sun Belt,"[6, 7, 6, 8]",27,Arkansas State,401021662,False,2018,regular,2018-09-22T23:00:00.000Z,Centennial Bank Stadium,3625,4
485,0,Sun Belt,"[0, 3, 11, 7]",21,Arkansas State,True,Sun Belt,"[0, 7, 7, 14]",28,Georgia Southern,401021666,False,2018,regular,2018-09-29T22:00:00.000Z,Paulson Stadium,3608,5
486,0,Sun Belt,"[0, 21, 7, 7]",35,Appalachian State,True,Sun Belt,"[3, 6, 0, 0]",9,Arkansas State,401021672,False,2018,regular,2018-10-10T00:00:00.000Z,Centennial Bank Stadium,3625,7
487,0,Sun Belt,"[7, 0, 14, 14]",35,Georgia State,True,Sun Belt,"[20, 14, 7, 10]",51,Arkansas State,401021676,False,2018,regular,2018-10-18T23:30:00.000Z,Centennial Bank Stadium,3625,8
488,0,Sun Belt,"[14, 7, 7, 15]",43,Arkansas State,True,Sun Belt,"[21, 10, 3, 13]",47,Louisiana,401021681,False,2018,regular,2018-10-27T23:00:00.000Z,Cajun Field,3666,9
489,0,Sun Belt,"[0, 7, 0, 7]",14,South Alabama,True,Sun Belt,"[0, 14, 14, 10]",38,Arkansas State,401021684,False,2018,regular,2018-11-03T19:00:00.000Z,Centennial Bank Stadium,3625,10
490,0,Sun Belt,"[14, 13, 14, 3]",44,Arkansas State,True,Sun Belt,"[0, 6, 7, 3]",16,Coastal Carolina,401021688,False,2018,regular,2018-11-10T22:00:00.000Z,Brooks Stadium,3654,11
491,0,Sun Belt,"[0, 7, 10, 0]",17,Louisiana Monroe,True,Sun Belt,"[7, 10, 14, 0]",31,Arkansas State,401021693,False,2018,regular,2018-11-17T20:00:00.000Z,Centennial Bank Stadium,3625,12
492,0,Sun Belt,"[7, 0, 21, 5]",33,Arkansas State,True,Sun Belt,"[0, 0, 7, 0]",7,Texas State,401021698,False,2018,regular,2018-11-24T21:00:00.000Z,Jim Wacker Field at Bobcat Stadium,3644,13
